Mach,alpha_deg,def_roll,Cll
0.3,0.0,0.0,0.000000
0.3,2.0,0.0,0.000000
0.3,4.0,0.0,0.000000
0.3,8.0,0.0,0.000000
0.3,12.0,0.0,0.000000
0.3,16.0,0.0,0.000000
0.3,20.0,0.0,0.000000
0.5,0.0,0.0,0.000000
0.5,2.0,0.0,0.000000
0.5,4.0,0.0,0.000000
0.5,8.0,0.0,0.000000
0.5,12.0,0.0,0.000000
0.5,16.0,0.0,0.000000
0.5,20.0,0.0,0.000000
0.8,0.0,0.0,0.000000
0.8,2.0,0.0,0.000000
0.8,4.0,0.0,0.000000
0.8,8.0,0.0,0.000000
0.8,12.0,0.0,0.000000
0.8,16.0,0.0,0.000000
0.8,20.0,0.0,0.000000
1.21,0.0,0.0,0.000000
1.21,2.0,0.0,0.000000
1.21,4.0,0.0,0.000000
1.21,8.0,0.0,0.000000
1.21,12.0,0.0,0.000000
1.21,16.0,0.0,0.000000
1.21,20.0,0.0,0.000000
2.0,0.0,0.0,0.000000
2.0,2.0,0.0,0.000000
2.0,4.0,0.0,0.000000
2.0,8.0,0.0,0.000000
2.0,12.0,0.0,0.000000
2.0,16.0,0.0,0.000000
2.0,20.0,0.0,0.000000
3.0,0.0,0.0,0.000000
3.0,2.0,0.0,0.000000
3.0,4.0,0.0,0.000000
3.0,8.0,0.0,0.000000
3.0,12.0,0.0,0.000000
3.0,16.0,0.0,0.000000
3.0,20.0,0.0,0.000000
4.0,0.0,0.0,0.000000
4.0,2.0,0.0,0.000000
4.0,4.0,0.0,0.000000
4.0,8.0,0.0,0.000000
4.0,12.0,0.0,0.000000
4.0,16.0,0.0,0.000000
4.0,20.0,0.0,0.000000
5.0,0.0,0.0,0.000000
5.0,2.0,0.0,0.000000
5.0,4.0,0.0,0.000000
5.0,8.0,0.0,0.000000
5.0,12.0,0.0,0.000000
5.0,16.0,0.0,0.000000
5.0,20.0,0.0,0.000000
0.3,0.0,5.0,-0.04897
0.3,2.0,5.0,-0.05054
0.3,4.0,5.0,-0.04933
0.3,8.0,5.0,-0.04404
0.3,12.0,5.0,-0.07
0.3,16.0,5.0,-0.066
0.3,20.0,5.0,-0.0362
0.5,0.0,5.0,-0.04763
0.5,2.0,5.0,-0.05051
0.5,4.0,5.0,-0.04968
0.5,8.0,5.0,-0.03953
0.5,12.0,5.0,-0.06791
0.5,16.0,5.0,-0.06447
0.5,20.0,5.0,-0.03248
0.8,0.0,5.0,-0.04675
0.8,2.0,5.0,-0.05237
0.8,4.0,5.0,-0.05094
0.8,8.0,5.0,-0.06239
0.8,12.0,5.0,-0.07464
0.8,16.0,5.0,-0.07639
0.8,20.0,5.0,-0.04013
1.21,0.0,5.0,-0.06515
1.21,2.0,5.0,-0.06322
1.21,4.0,5.0,-0.06662
1.21,8.0,5.0,-0.05408
1.21,12.0,5.0,-0.09653
1.21,16.0,5.0,-0.12574
1.21,20.0,5.0,-0.07836
2.0,0.0,5.0,-0.04018
2.0,2.0,5.0,-0.0433
2.0,4.0,5.0,-0.04326
2.0,8.0,5.0,-0.07322
2.0,12.0,5.0,-0.10196
2.0,16.0,5.0,-0.05024
2.0,20.0,5.0,-0.05586
3.0,0.0,5.0,-0.02112
3.0,2.0,5.0,-0.02567
3.0,4.0,5.0,-0.04055
3.0,8.0,5.0,-0.08193
3.0,12.0,5.0,-0.05972
3.0,16.0,5.0,-0.05489
3.0,20.0,5.0,-0.07351
4.0,0.0,5.0,-0.01842
4.0,2.0,5.0,-0.02375
4.0,4.0,5.0,-0.03892
4.0,8.0,5.0,-0.06152
4.0,12.0,5.0,-0.05049
4.0,16.0,5.0,-0.064
4.0,20.0,5.0,-0.07011
5.0,0.0,5.0,-0.01826
5.0,2.0,5.0,-0.02251
5.0,4.0,5.0,-0.03413
5.0,8.0,5.0,-0.04893
5.0,12.0,5.0,-0.05153
5.0,16.0,5.0,-0.06202
5.0,20.0,5.0,-0.07044
0.3,0.0,10.0,-0.10175
0.3,2.0,10.0,-0.09793
0.3,4.0,10.0,-0.10358
0.3,8.0,10.0,-0.08012
0.3,12.0,10.0,-0.13017
0.3,16.0,10.0,-0.13159
0.3,20.0,10.0,-0.09163
0.5,0.0,10.0,-0.10239
0.5,2.0,10.0,-0.09823
0.5,4.0,10.0,-0.10433
0.5,8.0,10.0,-0.07226
0.5,12.0,10.0,-0.12717
0.5,16.0,10.0,-0.13132
0.5,20.0,10.0,-0.09188
0.8,0.0,10.0,-0.10644
0.8,2.0,10.0,-0.1019
0.8,4.0,10.0,-0.10541
0.8,8.0,10.0,-0.07528
0.8,12.0,10.0,-0.13956
0.8,16.0,10.0,-0.14938
0.8,20.0,10.0,-0.10157
1.21,0.0,10.0,-0.1378
1.21,2.0,10.0,-0.12891
1.21,4.0,10.0,-0.12985
1.21,8.0,10.0,-0.10934
1.21,12.0,10.0,-0.18753
1.21,16.0,10.0,-0.23385
1.21,20.0,10.0,-0.15865
2.0,0.0,10.0,-0.08307
2.0,2.0,10.0,-0.08223
2.0,4.0,10.0,-0.08352
2.0,8.0,10.0,-0.11915
2.0,12.0,10.0,-0.19811
2.0,16.0,10.0,-0.09875
2.0,20.0,10.0,-0.11339
3.0,0.0,10.0,-0.04594
3.0,2.0,10.0,-0.05377
3.0,4.0,10.0,-0.07215
3.0,8.0,10.0,-0.13264
3.0,12.0,10.0,-0.11601
3.0,16.0,10.0,-0.10595
3.0,20.0,10.0,-0.14709
4.0,0.0,10.0,-0.03869
4.0,2.0,10.0,-0.04973
4.0,4.0,10.0,-0.07108
4.0,8.0,10.0,-0.11627
4.0,12.0,10.0,-0.09978
4.0,16.0,10.0,-0.12745
4.0,20.0,10.0,-0.13756
5.0,0.0,10.0,-0.03645
5.0,2.0,10.0,-0.04704
5.0,4.0,10.0,-0.06881
5.0,8.0,10.0,-0.09711
5.0,12.0,10.0,-0.00972
5.0,16.0,10.0,-0.12481
5.0,20.0,10.0,-0.13756
0.3,0.0,15.0,-0.16077
0.3,2.0,15.0,-0.14588
0.3,4.0,15.0,-0.14983
0.3,8.0,15.0,-0.12618
0.3,12.0,15.0,-0.17999
0.3,16.0,15.0,-0.18969
0.3,20.0,15.0,-0.0362
0.5,0.0,15.0,-0.1607
0.5,2.0,15.0,-0.14602
0.5,4.0,15.0,-0.14545
0.5,8.0,15.0,-0.11865
0.5,12.0,15.0,-0.18053
0.5,16.0,15.0,-0.19203
0.5,20.0,15.0,-0.03248
0.8,0.0,15.0,-0.16017
0.8,2.0,15.0,-0.15248
0.8,4.0,15.0,-0.15258
0.8,8.0,15.0,-0.12459
0.8,12.0,15.0,-0.19992
0.8,16.0,15.0,-0.2164
0.8,20.0,15.0,-0.04013
1.21,0.0,15.0,-0.18808
1.21,2.0,15.0,-0.18202
1.21,4.0,15.0,-0.19994
1.21,8.0,15.0,-0.19169
1.21,12.0,15.0,-0.26149
1.21,16.0,15.0,-0.31188
1.21,20.0,15.0,-0.07836
2.0,0.0,15.0,-0.1238
2.0,2.0,15.0,-0.12169
2.0,4.0,15.0,-0.13025
2.0,8.0,15.0,-0.17617
2.0,12.0,15.0,-0.28204
2.0,16.0,15.0,-0.149
2.0,20.0,15.0,-0.05586
3.0,0.0,15.0,-0.07443
3.0,2.0,15.0,-0.08523
3.0,4.0,15.0,-0.11021
3.0,8.0,15.0,-0.19724
3.0,12.0,15.0,-0.16767
3.0,16.0,15.0,-0.15688
3.0,20.0,15.0,-0.07351
4.0,0.0,15.0,-0.06319
4.0,2.0,15.0,-0.07868
4.0,4.0,15.0,-0.10928
4.0,8.0,15.0,-0.1719
4.0,12.0,15.0,-0.14781
4.0,16.0,15.0,-0.18951
4.0,20.0,15.0,-0.07011
5.0,0.0,15.0,-0.05814
5.0,2.0,15.0,-0.07459
5.0,4.0,15.0,-0.10499
5.0,8.0,15.0,-0.14491
5.0,12.0,15.0,-0.15665
5.0,16.0,15.0,-0.18705
5.0,20.0,15.0,-0.07044
