time_s,thrust_N,mass_flow_kg_s
0.0,0.0,0.0
0.01,50145.4,20.611538588010916
0.02,50387.2,20.71092696721581
0.03,50342.6,20.69259478478182
0.05,50294.4,20.672782874617738
0.06,50249.0,20.654121863799283
0.07,50206.3,20.636570648778402
0.08,50166.4,20.620170333103154
0.09,50129.0,20.60479760612936
0.1,50094.1,20.590452467857023
0.11,50061.6,20.577093814738088
0.13,50031.5,20.564721646772547
0.14,50003.8,20.55333596396041
0.15,49978.5,20.542936766301665
0.16,49955.5,20.533482950248263
0.17,49934.8,20.524974515800203
0.18,49916.3,20.517370359409423
0.2,49899.9,20.510629377527867
0.21,49885.5,20.504710466607477
0.22,49872.7,20.499449212456017
0.23,49861.5,20.49484561507349
0.24,49851.6,20.490776363815723
0.26,49842.7,20.487118148038537
0.27,49834.6,20.48378876064582
0.28,49827.2,20.480747098089505
0.29,49820.2,20.477869849725426
0.3,49064.4,20.167209233501037
0.32,48721.8,20.02638847785341
0.33,48476.6,19.925602578014534
0.34,48278.7,19.84425865640722
0.35,48110.8,19.775245799217387
0.36,47964.4,19.715070204860083
0.38,47834.3,19.661594488836275
0.39,47717.0,19.613380026963927
0.4,47610.3,19.569522541185755
0.41,47512.4,19.529282167636712
0.43,47422.2,19.49220676728815
0.44,47338.5,19.45780309756338
0.45,47260.8,19.425865640722108
0.47,47188.5,19.396147775475978
0.48,47121.2,19.368485087632763
0.49,47058.6,19.342754266548287
0.5,47000.5,19.318873105126432
0.52,46946.7,19.296759396271085
0.53,46897.0,19.276330932886125
0.54,46851.3,19.2575466114235
0.56,46809.3,19.240283121239024
0.57,46770.8,19.22445825523659
0.58,46735.8,19.210072013416198
0.59,46703.9,19.19695998158561
0.61,46675.0,19.18508105619677
0.62,46648.9,19.17435303015356
0.63,46625.4,19.16469369635987
0.65,46604.3,19.156020847719574
0.66,46585.7,19.148375587780734
0.67,46569.2,19.14159350235112
0.69,46555.0,19.13575679852685
0.7,46542.8,19.13074216566374
0.71,46532.6,19.126549603761795
0.73,46524.3,19.12313800927296
0.74,46517.9,19.120507382197232
0.75,46513.2,19.11857551543849
0.77,46510.3,19.1173835125448
0.78,46508.9,19.116808062871986
0.79,46509.2,19.11693137351616
0.81,46511.0,19.11767123738121
0.82,46514.3,19.119027654467136
0.83,46519.0,19.12095952122587
0.85,46525.1,19.123466837657425
0.86,46532.6,19.126549603761795
0.87,46541.4,19.130166715990924
0.89,46551.4,19.134277070796752
0.9,46562.6,19.138880668179276
0.91,46575.1,19.14401861168656
0.93,46588.7,19.149608694222483
0.94,46603.4,19.15565091578705
0.95,46619.2,19.162145276380254
0.97,46636.1,19.1690917760021
0.98,46654.0,19.176449311104534
1.0,46672.9,19.184217881687548
1.01,46692.8,19.192397487751144
1.02,46713.7,19.200988129295318
1.04,46735.5,19.20994870277202
1.05,46758.2,19.21927920818125
1.06,46781.8,19.228979645523
1.08,46806.2,19.23900891124922
1.09,46831.5,19.24940810890796
1.1,46857.6,19.260136134951168
1.12,46884.6,19.2712340929269
1.13,46912.3,19.282619775739043
1.15,46940.7,19.294293183387587
1.16,46969.9,19.306295419420604
1.17,46999.9,19.318626483838084
1.19,47030.5,19.331204169543913
1.2,47061.7,19.344028476538092
1.21,47093.7,19.35718161191674
1.23,47126.2,19.370540265035675
1.24,47159.4,19.384186642991022
1.26,47193.2,19.398079642234716
1.27,47227.6,19.41221926276676
1.28,47262.5,19.426564401039098
1.3,47298.1,19.44119726414784
1.31,47334.2,19.456035644996874
1.32,47370.9,19.47112064713426
1.34,47408.3,19.486493374108054
1.35,47446.3,19.502112722370196
1.37,47484.9,19.517978691920685
1.38,47524.1,19.534091282759526
1.39,47563.7,19.5503682877906
1.41,47603.7,19.566809707013906
1.42,47644.0,19.583374436881392
1.43,47684.5,19.60002137384499
1.45,47725.2,19.616750517904702
1.46,47766.2,19.633602972608593
1.48,47807.5,19.65057873795666
1.49,47849.0,19.667636710400842
1.5,47890.6,19.68473578639308
1.52,47932.1,19.701793758837262
1.53,47973.2,19.71868731708921
1.55,48013.4,19.735210943408635
1.56,48052.4,19.75124132715136
1.57,48089.5,19.766490743480976
1.59,48124.5,19.78087698530137
1.6,48157.2,19.794317845516424
1.62,48187.2,19.806648909933905
1.63,48214.5,19.81787017855381
1.64,48239.0,19.82794054782809
1.66,48260.8,19.83690112130479
1.67,48279.7,19.844669691887802
1.68,48295.9,19.851328466673245
1.7,48309.5,19.856918549209166
1.71,48320.7,19.861522146591692
1.73,48329.3,19.865057051724705
1.74,48347.7,19.872620104567424
1.75,48371.9,19.88256716319753
1.77,48393.5,19.891445529578114
1.78,48412.8,19.89937851435336
1.8,48429.8,19.906366117523266
1.81,48445.0,19.91261385682812
1.82,48458.6,19.918203939364044
1.84,48471.1,19.923341882871327
1.85,48482.9,19.928192101542205
1.87,48494.4,19.932919009568906
1.88,48505.8,19.93760481404755
1.89,48517.1,19.94224951497813
1.91,48528.5,19.946935319456774
1.92,48540.1,19.951703331031535
1.94,48552.0,19.956594653250466
1.95,48564.2,19.961609286113575
1.96,48576.6,19.9667061260728
1.98,48589.4,19.97196738022426
1.99,48602.4,19.977310841471837
2.01,48615.7,19.982777613363584
2.02,48629.2,19.98832659235145
2.03,48643.1,19.99403998553155
2.05,48657.3,19.999876689355826
2.06,48671.8,20.005836703824276
2.08,48686.7,20.011961132484956
2.09,48701.9,20.018208871789813
2.11,48717.5,20.0246210252869
2.12,48733.4,20.031156489428167
2.13,48749.6,20.037815264213606
2.15,48766.1,20.04459734964322
2.16,48782.9,20.05150274571701
2.18,48800.1,20.05857255598303
2.19,48817.6,20.06576567689323
2.2,48835.4,20.0730821084476
2.22,48853.5,20.080521850646146
2.23,48872.0,20.088126007036927
2.25,48890.8,20.095853474071884
2.26,48909.8,20.103663148202955
2.27,48929.2,20.111637236526256
2.29,48949.0,20.119775739041792
2.3,48969.0,20.127996448653448
2.32,48989.3,20.136340468909278
2.33,49010.0,20.144848903357335
2.34,49030.9,20.153439544901516
2.36,49052.2,20.162194600637925
2.37,49073.8,20.171072967018514
2.39,49095.6,20.180033540495213
2.4,49117.8,20.18915852816415
2.41,49140.3,20.19840682647726
2.43,49163.1,20.207778435434545
2.44,49186.2,20.217273355036003
2.46,49209.6,20.22689158528164
2.47,49233.3,20.23663312617145
2.48,49257.2,20.246456874157374
2.5,49281.5,20.256445036335535
2.51,49306.1,20.26655650915787
2.53,49331.0,20.276791292624377
2.54,49356.2,20.28714938673506
2.56,49381.6,20.297589687941862
2.57,49407.4,20.308194403340895
2.58,49433.5,20.318922429384102
2.6,49459.8,20.32973266252343
2.61,49486.5,20.340707309854984
2.63,49513.4,20.35176416428266
2.64,49540.6,20.36294432935451
2.65,49568.2,20.37428890861859
2.67,49596.0,20.38571569497879
2.68,49624.1,20.397265791983163
2.7,49652.5,20.40893919963171
2.71,49681.1,20.420694814376375
2.72,49710.1,20.432614843313274
2.74,49739.3,20.44461707934629
2.75,49768.9,20.456783729571537
2.77,49798.7,20.469032586892897
2.78,49828.8,20.48140475485844
2.79,49859.1,20.493859129920093
2.81,49889.8,20.50647791917398
2.82,49920.7,20.519178915523987
2.84,49951.9,20.532003222518167
2.85,49983.4,20.54495084015652
2.87,50015.2,20.55802176843905
2.88,50047.3,20.571216007365756
2.89,50079.6,20.584492453388574
2.91,50112.2,20.59789221005557
2.92,50145.0,20.61137417381868
2.94,50178.2,20.62502055177403
2.95,50211.6,20.63874913682549
2.96,50245.3,20.652601032521126
2.98,50279.2,20.666535135312877
2.99,50313.5,20.680633652296866
3.01,50348.0,20.694814376376968
3.02,50382.8,20.709118411101247
3.03,50417.8,20.72350465292164
3.05,50453.1,20.738014205386207
3.06,50488.7,20.75264706849495
3.08,50524.6,20.76740324224787
3.09,50560.7,20.782241623096905
3.1,50597.2,20.79724441813817
3.12,50633.8,20.8122883167275
3.13,50670.8,20.82749662950906
3.15,50708.0,20.842787149386734
3.16,50745.5,20.858200979908585
3.18,50783.2,20.87369701752655
3.19,50821.2,20.889316365788694
3.2,50859.5,20.90505902469501
3.22,50898.0,20.920883890697443
3.23,50936.8,20.936832067344053
3.25,50975.9,20.952903554634837
3.26,51015.2,20.969057249021734
3.27,51054.8,20.98533425405281
3.29,51094.7,21.001734569728058
3.3,51134.8,21.018217092499423
3.32,51175.2,21.034822925914963
3.33,51215.8,21.051510966426623
3.34,51256.7,21.068322317582453
3.36,51297.9,21.08525697938246
3.37,51339.3,21.102273848278585
3.39,51381.0,21.11941402781888
3.4,51422.9,21.136636414455296
3.41,51465.2,21.154023215283942
3.43,51507.6,21.17145111966065
3.44,51550.4,21.18904343822959
3.46,51593.4,21.206717963894643
3.47,51636.6,21.224474696655815
3.48,51680.1,21.24235474006116
3.5,51723.9,21.260358094110682
3.51,51767.9,21.27844365525632
3.53,51812.2,21.29665252704613
3.54,51856.8,21.31498470948012
3.55,51901.6,21.333399099010226
3.57,51946.6,21.351895695636447
3.58,51992.0,21.3705567064549
3.6,52037.5,21.38925882082141
3.61,52083.4,21.408125349380157
3.62,52129.5,21.42707408503502
3.64,52175.8,21.446105027786
3.65,52222.4,21.46525928118115
3.67,52269.2,21.48449574167242
3.68,52316.3,21.503855512807867
3.69,52363.7,21.523338594587482
3.71,52411.3,21.54290388346322
3.72,52459.2,21.562592482983128
3.74,52507.3,21.582363289599158
3.75,52555.7,21.60225740685936
3.76,52604.3,21.62223373121568
3.78,52653.2,21.64233336621617
3.79,52702.3,21.662515208312783
3.81,52751.7,21.682820361053565
3.82,52801.3,21.703207720890468
3.83,52851.2,21.72371839137154
3.85,52901.4,21.744352372496795
3.86,52951.8,21.765068560718163
3.88,53002.4,21.785866956035644
3.89,53053.3,21.806788661997302
3.9,53104.5,21.827833678603135
3.92,53155.9,21.848960902305087
3.93,53207.6,21.87021143665121
3.95,53259.5,21.89154417809345
3.96,53311.6,21.912959126631808
3.97,53364.0,21.934497385814343
3.99,53416.7,21.956158955641047
4.0,53469.6,21.977902732563873
4.02,53522.7,21.999728716582812
4.03,53576.1,22.02167801124593
4.04,53629.7,22.04370951300516
4.06,53683.6,22.06586432540857
4.07,53737.8,22.08814244845615
4.09,53792.2,22.110502778599848
4.1,53846.8,22.132945315839663
4.11,53901.8,22.155552267271712
4.13,53957.4,22.17840583999211
4.14,54013.5,22.201464930452797
4.16,54070.2,22.224770642201833
4.17,54127.5,22.248322975239223
4.18,54185.3,22.272080826016904
4.2,54243.3,22.295920883890698
4.21,54301.3,22.319760941764493
4.23,54359.2,22.343559896090227
4.24,54416.4,22.36707112557956
4.25,54472.8,22.390253526684425
4.27,54528.0,22.412942685212588
4.28,54581.7,22.435015290519875
4.3,54633.5,22.456306928414058
4.31,54683.0,22.476653184702904
4.32,54729.9,22.495930748742232
4.34,54773.8,22.51397520633981
4.35,54814.1,22.53053993620729
4.37,54850.4,22.545460524152446
4.38,54882.2,22.558531452434973
4.39,54908.1,22.569177271382063
4.41,54926.7,22.5768225313209
4.42,54936.8,22.58097398967479
4.44,54937.9,22.58142612870343
4.45,54929.8,22.57809674131071
4.46,54912.8,22.571109138140805
4.48,54887.7,22.560792147578177
4.49,54855.5,22.547556805103415
4.5,54817.9,22.532101871033507
4.52,54776.7,22.5151672092335
4.53,54732.9,22.497163855183977
4.55,54686.8,22.478215119529118
4.56,54639.0,22.458567623557265
4.57,54589.6,22.43826247081648
4.59,54539.3,22.417587386143172
4.6,54488.4,22.396665680181513
4.62,54437.4,22.375702870671795
4.63,54386.9,22.35494557890237
4.64,54337.5,22.334640426161585
4.66,54289.7,22.31499293018973
4.67,54244.9,22.29657854065963
4.69,54204.4,22.27993160369603
4.7,54169.1,22.26542205123146
4.71,54139.6,22.25329650455427
4.73,54116.0,22.243596067212522
4.74,54098.1,22.23623853211009
4.76,54085.4,22.23101838150669
4.77,54076.9,22.227524579921738
4.78,54071.4,22.225263884778535
4.8,54067.2,22.223537535760084
4.81,54063.9,22.222181118674165
4.83,54061.5,22.221194633520764
4.84,54059.8,22.220495873203774
4.85,54059.0,22.22016704481931
4.87,54058.9,22.22012594127125
4.88,54059.4,22.22033145901154
4.9,54060.5,22.22078359804018
4.91,54062.0,22.221400151261054
4.92,54064.0,22.22222222222222
4.94,54066.2,22.223126500279502
4.95,54068.6,22.2241129854329
4.97,54071.3,22.225222781230475
4.98,54074.2,22.226414784124163
4.99,54077.4,22.22773009766203
5.01,54081.6,22.229456446680476
5.02,54087.0,22.231676038275623
5.04,54092.6,22.233977836966886
5.05,54098.3,22.23632073920621
5.06,54104.2,22.238745848541644
5.08,54110.2,22.24121206142514
5.09,54116.3,22.243719377856696
5.11,54122.5,22.246267797836307
5.12,54128.7,22.24881621781592
5.13,54135.0,22.251405741343593
5.15,54141.2,22.253954161323204
5.16,54147.5,22.256543684850875
5.18,54153.7,22.259092104830486
5.19,54159.9,22.2616405248101
5.2,54166.1,22.264188944789712
5.22,54172.3,22.266737364769327
5.23,54178.5,22.269285784748938
5.25,54184.6,22.271793101180492
5.26,54190.6,22.27425931406399
5.27,54196.5,22.276684423399427
5.29,54202.4,22.279109532734864
5.3,54208.2,22.281493538522245
5.32,54214.0,22.283877544309625
5.33,54219.6,22.286179343000885
5.34,54225.1,22.288440038144092
5.36,54230.5,22.29065962973924
5.37,54235.8,22.292838117786328
5.39,54240.9,22.294934398737297
5.4,54245.9,22.296989576140213
5.41,54250.8,22.29900364999507
5.43,54255.6,22.300976620301864
5.44,54260.2,22.30286738351254
5.46,54264.7,22.304717043175163
5.47,54269.0,22.30648449574167
5.48,54273.2,22.30821084476012
5.5,54277.2,22.30985498668245
5.51,54281.0,22.311416921508663
5.53,54284.6,22.31289664923876
5.54,54288.1,22.3143352734208
5.55,54291.4,22.315691690506725
5.57,54294.5,22.31696590049653
5.58,54297.4,22.31815790339022
5.6,54300.2,22.31930880273585
5.61,54302.7,22.320336391437305
5.62,54305.1,22.321322876590706
5.64,54307.2,22.32218605109993
5.65,54309.1,22.322967018513037
5.67,54310.9,22.323706882378087
5.68,54312.4,22.32432343559896
5.7,54313.7,22.324857781723715
5.71,54314.8,22.32530992075236
5.72,54315.7,22.325679852684882
5.74,54316.4,22.32596757752129
5.75,54316.8,22.326131991713524
5.77,54317.0,22.32621419880964
5.78,54317.1,22.326255302357698
5.79,54316.8,22.326131991713524
5.81,54316.3,22.325926473973233
5.82,54315.6,22.325638749136825
5.84,54314.6,22.32522771365624
5.85,54313.4,22.324734471079545
5.86,54311.9,22.32411791785867
5.88,54310.2,22.323419157541675
5.89,54308.2,22.32259708658051
5.91,54306.0,22.32169280852323
5.92,54303.6,22.32070632336983
5.93,54300.9,22.31959652757226
5.95,54298.0,22.31840452467857
5.96,54294.8,22.317089211140704
5.98,54291.3,22.315650586958668
5.99,54287.6,22.314129755680508
6.0,54283.6,22.312485613758177
6.02,54279.3,22.310718161191673
6.03,54274.7,22.30882739798099
6.05,54269.9,22.306854427674196
6.06,54264.9,22.304799250271284
6.07,54259.7,22.30266186577225
6.09,54254.2,22.300401170629048
6.1,54248.4,22.298017164841667
6.12,54242.4,22.295550951958173
6.13,54236.1,22.2929614284305
6.14,54229.6,22.290289697806713
6.16,54222.7,22.28745355299069
6.17,54215.6,22.284535201078555
6.19,54208.2,22.281493538522245
6.2,54200.5,22.278328565321758
6.21,54192.6,22.275081385025153
6.23,54184.3,22.27166979053632
6.24,54175.8,22.268175988951366
6.26,54167.0,22.264558876722237
6.27,54157.9,22.260818453848938
6.28,54148.5,22.256954720331457
6.3,54138.7,22.252926572621746
6.31,54128.7,22.24881621781592
6.33,54118.4,22.24458255236592
6.34,54107.7,22.240184472723683
6.36,54096.8,22.235704185985334
6.37,54085.5,22.23105948505475
6.38,54074.0,22.22633257702805
6.4,54062.2,22.22148235835717
6.41,54050.1,22.216508829042123
6.43,54037.7,22.211411989082894
6.44,54025.1,22.206232942027555
6.45,54012.1,22.200889480779978
6.47,53999.0,22.195504915984348
6.48,53985.5,22.18995593699648
6.5,53971.8,22.1843247509125
6.51,53957.6,22.178488047088223
6.52,53943.1,22.172528032619773
6.54,53928.1,22.166362500411033
6.55,53912.8,22.160073657558122
6.57,53897.2,22.153661504061027
6.58,53881.3,22.147126039919765
6.59,53865.4,22.1405905757785
6.61,53849.6,22.134096215185295
6.62,53834.1,22.12772516523626
6.64,53819.1,22.12155963302752
6.65,53804.8,22.11568182565519
6.66,53791.2,22.110091743119263
6.68,53778.5,22.104871592515867
6.69,53766.8,22.10006247739305
6.71,53756.2,22.09570550129887
6.72,53746.6,22.091759560685276
6.74,53738.2,22.08830686264838
6.75,53730.9,22.08530630364013
6.76,53724.7,22.082757883660516
6.78,53719.7,22.0807027062576
6.79,53715.9,22.07914077143139
6.81,53713.5,22.07815428627799
6.82,53712.5,22.077743250797408
6.83,53712.9,22.07790766498964
6.85,53714.6,22.07860642530663
6.86,53717.5,22.07979842820032
6.88,53721.6,22.08148367367071
6.89,53726.6,22.083538851073623
6.9,53732.3,22.085881753312947
6.92,53738.6,22.088471276840615
6.93,53745.3,22.09122521456052
6.95,53752.4,22.094143566472656
6.96,53759.7,22.09714412548091
6.98,53767.2,22.10022689158528
6.99,53774.7,22.10330965768965
7.0,53782.4,22.106474630890137
7.02,53790.1,22.109639604090624
7.03,53797.9,22.11284568083917
7.05,53805.8,22.116092861135773
7.06,53813.8,22.119381144980434
7.07,53821.9,22.122710532373155
7.09,53830.1,22.12608102331393
7.1,53838.3,22.12945151425471
7.12,53846.6,22.132863108743546
7.13,53855.0,22.13631580678044
7.14,53863.4,22.139768504817336
7.16,53871.8,22.14322120285423
7.17,53880.4,22.14675610798724
7.19,53888.9,22.150249909572192
7.2,53897.6,22.15382591825326
7.22,53906.3,22.157401926934334
7.23,53915.0,22.160977935615403
7.24,53923.8,22.16459504784453
7.26,53932.7,22.168253263621715
7.27,53941.6,22.1719114793989
7.29,53950.5,22.175569695176087
7.3,53959.6,22.17931011804939
7.31,53968.6,22.183009437374633
7.33,53977.7,22.186749860247936
7.34,53986.9,22.190531386669296
7.36,53996.1,22.194312913090656
7.37,54005.3,22.19809443951202
7.38,54014.6,22.201917069481436
7.4,54023.9,22.205739699450856
7.41,54033.3,22.209603432968333
7.43,54042.6,22.213426062937753
7.44,54052.1,22.217330900003287
7.45,54061.5,22.221194633520764
7.47,54071.0,22.2250994705863
7.48,54080.5,22.229004307651834
7.5,54090.1,22.23295024826543
7.51,54099.7,22.236896188879022
7.53,54109.3,22.240842129492616
7.54,54119.0,22.244829173654267
7.55,54128.7,22.24881621781592
7.57,54138.4,22.252803261977572
7.58,54148.2,22.256831409687283
7.6,54158.0,22.260859557396994
7.61,54167.8,22.264887705106705
7.62,54177.6,22.268915852816413
7.64,54187.5,22.272985104074184
7.65,54197.4,22.277054355331952
7.67,54207.4,22.28116471013778
7.68,54217.3,22.285233961395548
7.69,54227.3,22.289344316201376
7.71,54237.3,22.2934546710072
7.72,54247.4,22.297606129361085
7.74,54257.4,22.301716484166914
7.75,54267.5,22.3058679425208
7.77,54277.6,22.310019400874683
7.78,54287.7,22.314170859228568
7.79,54297.8,22.318322317582453
7.81,54307.9,22.322473775936338
7.82,54318.1,22.32666633783828
7.84,54328.2,22.330817796192164
7.85,54338.4,22.33501035809411
7.86,54348.6,22.33920291999605
7.88,54358.8,22.343395481897996
7.89,54369.0,22.34758804379994
7.91,54379.2,22.351780605701883
7.92,54389.4,22.35597316760383
7.93,54399.7,22.360206833053827
7.95,54409.9,22.364399394955772
7.96,54420.2,22.368633060405774
7.98,54430.5,22.372866725855776
7.99,54440.7,22.377059287757717
8.0,54451.0,22.38129295320772
8.02,54461.3,22.38552661865772
8.03,54471.6,22.389760284107723
8.05,54481.9,22.393993949557725
8.06,54492.2,22.398227615007727
8.08,54502.5,22.40246128045773
8.09,54512.7,22.40665384235967
8.1,54522.8,22.41080530071356
8.12,54533.0,22.4149978626155
8.13,54543.1,22.419149320969385
8.15,54553.3,22.42334188287133
8.16,54563.6,22.42757554832133
8.17,54574.0,22.43185031731939
8.19,54584.7,22.436248396961624
8.2,54595.7,22.440769787248033
8.22,54607.2,22.445496695274734
8.23,54619.2,22.450429121041726
8.24,54631.9,22.45564927164513
8.26,54645.4,22.461198250632993
8.27,54659.6,22.46703495445727
8.29,54674.7,22.473241590214066
8.3,54690.7,22.479818157903388
8.32,54707.7,22.486805761073292
8.33,54725.8,22.49424550327184
8.34,54745.1,22.502178488047086
8.36,54765.9,22.510728026043207
8.37,54788.1,22.519853013712144
8.39,54811.8,22.529594554601953
8.4,54837.0,22.539952648712635
8.41,54863.8,22.550968399592254
8.43,54892.1,22.56260070369274
8.44,54921.7,22.574767353917988
8.46,54952.6,22.587468350267994
8.47,54984.8,22.60070369274276
8.48,55018.0,22.6143500706981
8.5,55052.2,22.62840748413403
8.51,55087.3,22.642834829502483
8.53,55123.3,22.657632106803458
8.54,55159.9,22.672676005392784
8.55,55197.2,22.688007628818518
8.57,55234.8,22.70346256288843
8.58,55272.6,22.718999704054454
8.6,55310.6,22.734619052316596
8.61,55348.4,22.75015619348262
8.62,55385.9,22.76557002400447
8.64,55422.8,22.780737233237975
8.65,55459.1,22.795657821183124
8.67,55494.6,22.810249580743807
8.68,55529.3,22.82451251192003
8.7,55563.1,22.83840551116372
8.71,55596.1,22.85196968202295
8.72,55628.3,22.865205024497715
8.74,55659.7,22.87811153858801
8.75,55690.3,22.89068922429384
8.77,55720.1,22.902938081615204
8.78,55749.1,22.9148581105521
8.79,55777.2,22.926408207556474
8.81,55804.5,22.937629476176383
8.82,55831.0,22.948521916411824
8.84,55856.7,22.959085528262797
8.85,55881.7,22.969361415277366
8.86,55906.2,22.97943178455164
8.88,55930.2,22.989296636085626
8.89,55953.8,22.99899707342738
8.91,55977.2,23.00861530367301
8.92,56000.3,23.018110223274473
8.93,56023.2,23.027522935779814
8.95,56045.9,23.03685344118904
8.96,56068.4,23.046101739502152
8.98,56090.9,23.055350037815263
8.99,56113.2,23.064516129032256
9.0,56135.4,23.073641116701193
9.02,56157.5,23.08272500082207
9.03,56179.4,23.091726677846832
9.05,56201.2,23.10068725132353
9.06,56222.9,23.109606721252177
9.07,56244.6,23.11852619118082
9.09,56266.1,23.12736345401335
9.1,56287.6,23.136200716845877
9.12,56308.9,23.14495577258229
9.13,56330.1,23.15366972477064
9.14,56351.0,23.16226036631482
9.16,56371.8,23.17080990431094
9.17,56392.3,23.179236131662886
9.19,56412.5,23.187539048370656
9.2,56432.5,23.19575975798231
9.21,56452.2,23.203857156949784
9.23,56471.5,23.211790141725032
9.24,56490.6,23.21964091940416
9.26,56509.2,23.227286179343
9.27,56527.4,23.234767025089607
9.28,56545.1,23.24204235309592
9.3,56562.3,23.249112163361943
9.31,56578.8,23.255894248791556
9.33,56594.7,23.262429712932818
9.34,56610.0,23.268718555785735
9.35,56624.6,23.27471967380224
9.37,56638.5,23.28043306698234
9.38,56651.7,23.28585873532603
9.4,56664.2,23.290996678833313
9.41,56676.1,23.295888001052248
9.42,56687.4,23.300532701982835
9.44,56698.1,23.304930781625067
9.45,56708.3,23.309123343527013
9.47,56717.9,23.313069284140607
9.48,56726.9,23.31676860346585
9.49,56735.5,23.32030350859886
9.51,56743.5,23.323591792443523
9.52,56751.1,23.32671566209595
9.54,56758.3,23.329675117556146
9.55,56765.1,23.33247015882411
9.56,56771.6,23.335141889447897
9.58,56777.8,23.33769030942751
9.59,56783.9,23.340197625859062
9.61,56789.8,23.342622735194503
9.62,56795.5,23.344965637433823
9.63,56801.2,23.347308539673143
9.65,56806.7,23.349569234816347
9.66,56812.1,23.351788826411493
9.68,56817.4,23.353967314458583
9.69,56822.7,23.35614580250567
9.7,56827.9,23.3582831870047
9.72,56833.0,23.360379467955674
9.73,56838.2,23.3625168524547
9.75,56843.2,23.364572029857616
9.76,56848.3,23.36666831080859
9.77,56853.3,23.368723488211504
9.79,56858.3,23.370778665614417
9.8,56863.3,23.37283384301733
9.82,56868.2,23.37484791687218
9.83,56873.2,23.376903094275097
9.84,56878.1,23.378917168129952
9.86,56883.0,23.380931241984808
9.87,56887.8,23.382904212291606
9.89,56892.6,23.3848771825984
9.9,56897.4,23.386850152905197
9.91,56902.2,23.388823123211992
9.93,56906.9,23.390754989970734
9.94,56911.5,23.392645753181412
9.96,56916.2,23.39457761994015
9.97,56920.8,23.396468383150832
9.98,56925.3,23.398318042813457
10.0,56929.9,23.400208806024136
10.01,56934.4,23.402058465686757
10.03,56938.8,23.40386702180132
10.04,56943.2,23.405675577915883
10.05,56947.6,23.407484134030447
10.07,56952.0,23.409292690145012
10.08,56956.3,23.41106014271152
10.1,56960.6,23.412827595278024
10.11,56964.9,23.41459504784453
10.12,56969.1,23.416321396862976
10.14,56973.3,23.418047745881424
10.15,56977.4,23.419732991351815
10.17,56981.5,23.421418236822202
10.18,56985.6,23.42310348229259
10.19,56989.7,23.424788727762976
10.21,56993.7,23.42643286968531
10.22,56997.7,23.42807701160764
10.24,57001.7,23.42972115352997
10.25,57005.6,23.431324191904242
10.26,57009.5,23.432927230278516
10.28,57013.4,23.43453026865279
10.29,57017.2,23.436092203479003
10.31,57021.0,23.437654138305216
10.32,57024.7,23.439174969583373
10.33,57028.4,23.44069580086153
10.35,57032.1,23.442216632139683
10.36,57035.8,23.443737463417843
10.38,57039.4,23.44521719114794
10.39,57043.0,23.446696918878036
10.4,57046.5,23.448135543060076
10.42,57050.0,23.449574167242115
10.43,57053.4,23.4509716878761
10.45,57056.9,23.452410312058138
10.46,57060.3,23.453807832692117
10.47,57063.6,23.45516424977804
10.49,57066.9,23.456520666863963
10.5,57070.2,23.457877083949885
10.52,57073.5,23.459233501035808
10.53,57076.7,23.46054881457367
10.54,57079.8,23.46182302456348
10.56,57083.0,23.463138338101345
10.57,57086.1,23.46441254809115
10.59,57089.1,23.4656456545329
10.6,57092.1,23.466878760974645
10.61,57095.1,23.468111867416393
10.63,57098.1,23.469344973858142
10.64,57101.0,23.47053697675183
10.66,57103.8,23.471687876097466
10.67,57106.7,23.47287987899115
10.69,57109.5,23.474030778336786
10.7,57112.2,23.475140574134358
10.71,57114.9,23.476250369931932
10.73,57117.6,23.477360165729504
10.74,57120.3,23.47846996152708
10.76,57122.9,23.479538653776594
10.77,57125.5,23.480607346026108
10.78,57128.0,23.481634934727566
10.8,57130.5,23.48266252342902
10.81,57133.0,23.48369011213048
10.83,57135.4,23.484676597283876
10.84,57137.8,23.485663082437277
10.85,57140.1,23.486608464042614
10.87,57142.5,23.487594949196012
10.88,57144.7,23.488499227253293
10.9,57147.0,23.489444608858637
10.91,57149.2,23.490348886915918
10.92,57151.4,23.4912531649732
10.94,57153.5,23.492116339482422
10.95,57155.6,23.492979513991646
10.97,57157.6,23.493801584952813
10.98,57159.6,23.494623655913976
10.99,57161.6,23.495445726875143
11.01,57163.6,23.496267797836307
11.02,57165.5,23.497048765249414
11.04,57167.3,23.497788629114464
11.05,57169.1,23.498528492979514
11.06,57170.9,23.499268356844563
11.08,57172.6,23.499967117161553
11.09,57174.3,23.500665877478543
11.11,57176.0,23.501364637795533
11.12,57177.6,23.502022294564465
11.13,57179.2,23.5026799513334
11.15,57180.7,23.50329650455427
11.16,57182.2,23.503913057775144
11.18,57183.7,23.50452961099602
11.19,57185.1,23.505105060668836
11.2,57186.5,23.50568051034165
11.22,57187.8,23.50621485646641
11.23,57189.1,23.506749202591166
11.25,57190.4,23.507283548715925
11.26,57191.6,23.507776791292624
11.27,57192.8,23.508270033869323
11.29,57193.9,23.508722172897965
11.3,57195.0,23.509174311926603
11.32,57196.1,23.509626450955246
11.33,57197.1,23.510037486435827
11.34,57198.1,23.51044852191641
11.36,57199.0,23.510818453848934
11.37,57200.0,23.51122948932952
11.39,57200.8,23.511558317713984
11.4,57201.6,23.51188714609845
11.41,57202.4,23.512215974482917
11.43,57203.2,23.51254480286738
11.44,57203.9,23.51283252770379
11.46,57204.6,23.513120252540197
11.47,57205.2,23.513366873828545
11.48,57205.8,23.5136134951169
11.5,57206.3,23.51381901285719
11.51,57206.8,23.51402453059748
11.53,57207.3,23.514230048337772
11.54,57207.7,23.514394462530003
11.55,57208.1,23.514558876722237
11.57,57208.4,23.514682187366414
11.58,57208.7,23.514805498010585
11.6,57209.0,23.514928808654762
11.61,57209.2,23.515011015750876
11.62,57209.4,23.515093222846996
11.64,57209.5,23.515134326395053
11.65,57209.6,23.51517542994311
11.67,57209.6,23.51517542994311
11.68,57209.6,23.51517542994311
11.69,57209.6,23.51517542994311
11.71,57209.5,23.515134326395053
11.72,57209.4,23.515093222846996
11.74,57209.2,23.515011015750876
11.75,57209.0,23.514928808654762
11.77,57208.8,23.514846601558645
11.78,57208.5,23.51472329091447
11.79,57208.2,23.514599980270294
11.81,57207.8,23.514435566078063
11.82,57207.4,23.51427115188583
11.84,57207.0,23.514106737693595
11.85,57206.5,23.513901219953304
11.86,57206.0,23.513695702213013
11.88,57205.4,23.513449080924666
11.89,57204.8,23.513202459636315
11.91,57204.1,23.512914734799907
11.92,57203.4,23.5126270099635
11.93,57202.6,23.512298181579034
11.95,57201.8,23.51196935319457
11.96,57201.0,23.5116405248101
11.98,57200.2,23.511311696425633
11.99,57199.3,23.51094176449311
12.0,57198.4,23.510571832560586
12.02,57197.5,23.51020190062806
12.03,57196.5,23.50979086514748
12.05,57195.5,23.509379829666894
12.06,57194.5,23.508968794186313
12.07,57193.3,23.508475551609614
12.09,57192.2,23.50802341258097
12.1,57190.9,23.507489066456216
12.12,57189.1,23.506749202591166
12.13,57186.2,23.505557199697474
12.14,57182.0,23.50383085067903
12.16,57176.0,23.501364637795533
12.17,57168.3,23.49819966459505
12.19,57158.7,23.49425372398145
12.2,57147.3,23.48956791950281
12.21,57134.5,23.48430666535135
12.23,57120.3,23.47846996152708
12.24,57105.5,23.472386636414456
12.26,57090.4,23.466180000657655
12.27,57075.5,23.460055571996975
12.28,57061.1,23.454136661076582
12.3,57047.7,23.448628785636775
12.31,57035.3,23.443531945677552
12.33,57024.2,23.438969451843082
12.34,57014.4,23.43494130413337
12.36,57005.9,23.43144750254842
12.37,56998.6,23.428446943540166
12.38,56992.6,23.42598073065667
12.4,56988.6,23.424336588734338
12.41,56987.7,23.423966656801813
12.43,56991.0,23.425323073887736
12.44,56998.9,23.42857025418434
12.45,57011.8,23.433872611883857
12.47,57029.9,23.441312354082402
12.48,57052.9,23.450766170135807
12.5,57080.6,23.462151852947944
12.51,57112.3,23.475181677682418
12.52,57146.5,23.489239091118343
12.54,57178.0,23.5021867087567
12.55,57199.8,23.511147282233402
12.57,57206.0,23.513695702213013
12.58,57191.8,23.50785899838874
12.59,57153.1,23.491951925290188
12.61,57086.9,23.464741376475615
12.62,56991.4,23.42548748807997
12.64,56865.6,23.373779224622666
12.65,56709.6,23.309657689651768
12.66,56522.5,23.23275295123475
12.68,56287.4,23.13611850974976
12.69,55980.3,23.00988951366282
12.71,55580.2,22.845434217881685
12.72,55069.5,22.63551839794811
12.74,54434.0,22.374305350037815
12.75,53662.7,22.057273683864388
12.76,52748.2,21.681381736871526
12.78,51686.6,21.245026470684948
12.79,50477.2,20.74792016046825
12.81,49121.1,20.190514945250072
12.82,47602.4,19.56627536088915
12.84,45898.1,18.86574759133208
12.85,43989.9,18.081409687284207
12.87,41864.7,17.207877083949885
12.88,39515.0,16.24206701522475
12.9,36938.9,15.183198513695702
12.91,34140.7,14.033039031929235
12.93,31130.6,12.795781131827297
12.95,27925.5,11.478371313011738
12.96,25127.3,10.328211831245273
12.98,22369.0,9.194452665154056
13.0,19402.9,7.975280326197757
13.02,16265.1,6.685533195225411
13.04,12938.8,5.31830587616323
13.06,9344.77,3.841032027884647
13.08,5593.71,2.2992132780901646
13.1,1940.48,0.7976061293610864
