Mach,alpha_deg,Reynolds,CA
0.29,0.0,100000.0,0.54
0.3,0.0,100000.0,0.54
0.5,0.0,100000.0,0.538
0.7,0.0,100000.0,0.538
0.9,0.0,100000.0,0.622
1.2,0.0,100000.0,0.96
2.0,0.0,100000.0,0.807
3.0,0.0,100000.0,0.745
4.0,0.0,100000.0,0.694
5.0,0.0,100000.0,0.659
0.29,2.0,100000.0,0.539
0.3,2.0,100000.0,0.539
0.5,2.0,100000.0,0.537
0.7,2.0,100000.0,0.537
0.9,2.0,100000.0,0.621
1.2,2.0,100000.0,0.958
2.0,2.0,100000.0,0.806
3.0,2.0,100000.0,0.745
4.0,2.0,100000.0,0.694
5.0,2.0,100000.0,0.659
0.29,4.0,100000.0,0.537
0.3,4.0,100000.0,0.537
0.5,4.0,100000.0,0.535
0.7,4.0,100000.0,0.535
0.9,4.0,100000.0,0.618
1.2,4.0,100000.0,0.954
2.0,4.0,100000.0,0.803
3.0,4.0,100000.0,0.744
4.0,4.0,100000.0,0.694
5.0,4.0,100000.0,0.66
0.29,6.0,100000.0,0.535
0.3,6.0,100000.0,0.535
0.5,6.0,100000.0,0.533
0.7,6.0,100000.0,0.531
0.9,6.0,100000.0,0.614
1.2,6.0,100000.0,0.946
2.0,6.0,100000.0,0.799
3.0,6.0,100000.0,0.742
4.0,6.0,100000.0,0.693
5.0,6.0,100000.0,0.66
0.29,8.0,100000.0,0.533
0.3,8.0,100000.0,0.533
0.5,8.0,100000.0,0.53
0.7,8.0,100000.0,0.526
0.9,8.0,100000.0,0.608
1.2,8.0,100000.0,0.934
2.0,8.0,100000.0,0.794
3.0,8.0,100000.0,0.74
4.0,8.0,100000.0,0.693
5.0,8.0,100000.0,0.66
0.29,10.0,100000.0,0.534
0.3,10.0,100000.0,0.534
0.5,10.0,100000.0,0.53
0.7,10.0,100000.0,0.523
0.9,10.0,100000.0,0.602
1.2,10.0,100000.0,0.92
2.0,10.0,100000.0,0.787
3.0,10.0,100000.0,0.737
4.0,10.0,100000.0,0.692
5.0,10.0,100000.0,0.661
0.29,12.0,100000.0,0.536
0.3,12.0,100000.0,0.535
0.5,12.0,100000.0,0.531
0.7,12.0,100000.0,0.523
0.9,12.0,100000.0,0.6
1.2,12.0,100000.0,0.903
2.0,12.0,100000.0,0.778
3.0,12.0,100000.0,0.734
4.0,12.0,100000.0,0.691
5.0,12.0,100000.0,0.661
0.29,14.0,100000.0,0.537
0.3,14.0,100000.0,0.537
0.5,14.0,100000.0,0.533
0.7,14.0,100000.0,0.525
0.9,14.0,100000.0,0.599
1.2,14.0,100000.0,0.883
2.0,14.0,100000.0,0.768
3.0,14.0,100000.0,0.73
4.0,14.0,100000.0,0.69
5.0,14.0,100000.0,0.662
0.29,16.0,100000.0,0.531
0.3,16.0,100000.0,0.531
0.5,16.0,100000.0,0.528
0.7,16.0,100000.0,0.52
0.9,16.0,100000.0,0.593
1.2,16.0,100000.0,0.86
2.0,16.0,100000.0,0.757
3.0,16.0,100000.0,0.725
4.0,16.0,100000.0,0.688
5.0,16.0,100000.0,0.662
0.29,18.0,100000.0,0.514
0.3,18.0,100000.0,0.514
0.5,18.0,100000.0,0.51
0.7,18.0,100000.0,0.502
0.9,18.0,100000.0,0.577
1.2,18.0,100000.0,0.835
2.0,18.0,100000.0,0.744
3.0,18.0,100000.0,0.72
4.0,18.0,100000.0,0.687
5.0,18.0,100000.0,0.663
0.29,20.0,100000.0,0.488
0.3,20.0,100000.0,0.488
0.5,20.0,100000.0,0.483
0.7,20.0,100000.0,0.475
0.9,20.0,100000.0,0.549
1.2,20.0,100000.0,0.807
2.0,20.0,100000.0,0.73
3.0,20.0,100000.0,0.714
4.0,20.0,100000.0,0.685
5.0,20.0,100000.0,0.663
0.29,0.0,500000.0,0.391
0.3,0.0,500000.0,0.391
0.5,0.0,500000.0,0.389
0.7,0.0,500000.0,0.388
0.9,0.0,500000.0,0.468
1.2,0.0,500000.0,0.824
2.0,0.0,500000.0,0.675
3.0,0.0,500000.0,0.618
4.0,0.0,500000.0,0.57
5.0,0.0,500000.0,0.536
0.29,2.0,500000.0,0.39
0.3,2.0,500000.0,0.39
0.5,2.0,500000.0,0.389
0.7,2.0,500000.0,0.388
0.9,2.0,500000.0,0.467
1.2,2.0,500000.0,0.822
2.0,2.0,500000.0,0.674
3.0,2.0,500000.0,0.618
4.0,2.0,500000.0,0.57
5.0,2.0,500000.0,0.536
0.29,4.0,500000.0,0.389
0.3,4.0,500000.0,0.389
0.5,4.0,500000.0,0.387
0.7,4.0,500000.0,0.385
0.9,4.0,500000.0,0.465
1.2,4.0,500000.0,0.818
2.0,4.0,500000.0,0.672
3.0,4.0,500000.0,0.618
4.0,4.0,500000.0,0.57
5.0,4.0,500000.0,0.537
0.29,6.0,500000.0,0.387
0.3,6.0,500000.0,0.387
0.5,6.0,500000.0,0.385
0.7,6.0,500000.0,0.382
0.9,6.0,500000.0,0.461
1.2,6.0,500000.0,0.81
2.0,6.0,500000.0,0.669
3.0,6.0,500000.0,0.617
4.0,6.0,500000.0,0.57
5.0,6.0,500000.0,0.538
0.29,8.0,500000.0,0.386
0.3,8.0,500000.0,0.386
0.5,8.0,500000.0,0.383
0.7,8.0,500000.0,0.378
0.9,8.0,500000.0,0.456
1.2,8.0,500000.0,0.8
2.0,8.0,500000.0,0.664
3.0,8.0,500000.0,0.615
4.0,8.0,500000.0,0.57
5.0,8.0,500000.0,0.539
0.29,10.0,500000.0,0.387
0.3,10.0,500000.0,0.387
0.5,10.0,500000.0,0.383
0.7,10.0,500000.0,0.375
0.9,10.0,500000.0,0.45
1.2,10.0,500000.0,0.787
2.0,10.0,500000.0,0.658
3.0,10.0,500000.0,0.613
4.0,10.0,500000.0,0.57
5.0,10.0,500000.0,0.54
0.29,12.0,500000.0,0.389
0.3,12.0,500000.0,0.389
0.5,12.0,500000.0,0.385
0.7,12.0,500000.0,0.376
0.9,12.0,500000.0,0.449
1.2,12.0,500000.0,0.771
2.0,12.0,500000.0,0.651
3.0,12.0,500000.0,0.611
4.0,12.0,500000.0,0.57
5.0,12.0,500000.0,0.542
0.29,14.0,500000.0,0.391
0.3,14.0,500000.0,0.391
0.5,14.0,500000.0,0.388
0.7,14.0,500000.0,0.379
0.9,14.0,500000.0,0.449
1.2,14.0,500000.0,0.752
2.0,14.0,500000.0,0.642
3.0,14.0,500000.0,0.608
4.0,14.0,500000.0,0.571
5.0,14.0,500000.0,0.543
0.29,16.0,500000.0,0.386
0.3,16.0,500000.0,0.386
0.5,16.0,500000.0,0.383
0.7,16.0,500000.0,0.375
0.9,16.0,500000.0,0.444
1.2,16.0,500000.0,0.731
2.0,16.0,500000.0,0.632
3.0,16.0,500000.0,0.605
4.0,16.0,500000.0,0.571
5.0,16.0,500000.0,0.545
0.29,18.0,500000.0,0.37
0.3,18.0,500000.0,0.37
0.5,18.0,500000.0,0.366
0.7,18.0,500000.0,0.358
0.9,18.0,500000.0,0.429
1.2,18.0,500000.0,0.708
2.0,18.0,500000.0,0.621
3.0,18.0,500000.0,0.602
4.0,18.0,500000.0,0.571
5.0,18.0,500000.0,0.547
0.29,20.0,500000.0,0.345
0.3,20.0,500000.0,0.345
0.5,20.0,500000.0,0.34
0.7,20.0,500000.0,0.331
0.9,20.0,500000.0,0.402
1.2,20.0,500000.0,0.683
2.0,20.0,500000.0,0.609
3.0,20.0,500000.0,0.598
4.0,20.0,500000.0,0.571
5.0,20.0,500000.0,0.55
0.29,0.0,1000000.0,0.345
0.3,0.0,1000000.0,0.345
0.5,0.0,1000000.0,0.343
0.7,0.0,1000000.0,0.342
0.9,0.0,1000000.0,0.421
1.2,0.0,1000000.0,0.782
2.0,0.0,1000000.0,0.635
3.0,0.0,1000000.0,0.581
4.0,0.0,1000000.0,0.534
5.0,0.0,1000000.0,0.502
0.29,2.0,1000000.0,0.344
0.3,2.0,1000000.0,0.344
0.5,2.0,1000000.0,0.342
0.7,2.0,1000000.0,0.341
0.9,2.0,1000000.0,0.42
1.2,2.0,1000000.0,0.78
2.0,2.0,1000000.0,0.634
3.0,2.0,1000000.0,0.581
4.0,2.0,1000000.0,0.535
5.0,2.0,1000000.0,0.502
0.29,4.0,1000000.0,0.343
0.3,4.0,1000000.0,0.342
0.5,4.0,1000000.0,0.341
0.7,4.0,1000000.0,0.339
0.9,4.0,1000000.0,0.418
1.2,4.0,1000000.0,0.776
2.0,4.0,1000000.0,0.633
3.0,4.0,1000000.0,0.58
4.0,4.0,1000000.0,0.535
5.0,4.0,1000000.0,0.503
0.29,6.0,1000000.0,0.341
0.3,6.0,1000000.0,0.341
0.5,6.0,1000000.0,0.339
0.7,6.0,1000000.0,0.336
0.9,6.0,1000000.0,0.414
1.2,6.0,1000000.0,0.769
2.0,6.0,1000000.0,0.629
3.0,6.0,1000000.0,0.58
4.0,6.0,1000000.0,0.535
5.0,6.0,1000000.0,0.504
0.29,8.0,1000000.0,0.34
0.3,8.0,1000000.0,0.34
0.5,8.0,1000000.0,0.337
0.7,8.0,1000000.0,0.332
0.9,8.0,1000000.0,0.408
1.2,8.0,1000000.0,0.759
2.0,8.0,1000000.0,0.625
3.0,8.0,1000000.0,0.578
4.0,8.0,1000000.0,0.535
5.0,8.0,1000000.0,0.505
0.29,10.0,1000000.0,0.341
0.3,10.0,1000000.0,0.341
0.5,10.0,1000000.0,0.337
0.7,10.0,1000000.0,0.329
0.9,10.0,1000000.0,0.403
1.2,10.0,1000000.0,0.746
2.0,10.0,1000000.0,0.619
3.0,10.0,1000000.0,0.577
4.0,10.0,1000000.0,0.536
5.0,10.0,1000000.0,0.507
0.29,12.0,1000000.0,0.343
0.3,12.0,1000000.0,0.343
0.5,12.0,1000000.0,0.339
0.7,12.0,1000000.0,0.33
0.9,12.0,1000000.0,0.402
1.2,12.0,1000000.0,0.73
2.0,12.0,1000000.0,0.612
3.0,12.0,1000000.0,0.575
4.0,12.0,1000000.0,0.536
5.0,12.0,1000000.0,0.508
0.29,14.0,1000000.0,0.345
0.3,14.0,1000000.0,0.345
0.5,14.0,1000000.0,0.342
0.7,14.0,1000000.0,0.333
0.9,14.0,1000000.0,0.402
1.2,14.0,1000000.0,0.712
2.0,14.0,1000000.0,0.604
3.0,14.0,1000000.0,0.572
4.0,14.0,1000000.0,0.537
5.0,14.0,1000000.0,0.511
0.29,16.0,1000000.0,0.34
0.3,16.0,1000000.0,0.34
0.5,16.0,1000000.0,0.337
0.7,16.0,1000000.0,0.33
0.9,16.0,1000000.0,0.398
1.2,16.0,1000000.0,0.692
2.0,16.0,1000000.0,0.595
3.0,16.0,1000000.0,0.57
4.0,16.0,1000000.0,0.537
5.0,16.0,1000000.0,0.513
0.29,18.0,1000000.0,0.325
0.3,18.0,1000000.0,0.325
0.5,18.0,1000000.0,0.321
0.7,18.0,1000000.0,0.313
0.9,18.0,1000000.0,0.383
1.2,18.0,1000000.0,0.669
2.0,18.0,1000000.0,0.584
3.0,18.0,1000000.0,0.567
4.0,18.0,1000000.0,0.538
5.0,18.0,1000000.0,0.516
0.29,20.0,1000000.0,0.3
0.3,20.0,1000000.0,0.3
0.5,20.0,1000000.0,0.295
0.7,20.0,1000000.0,0.287
0.9,20.0,1000000.0,0.356
1.2,20.0,1000000.0,0.644
2.0,20.0,1000000.0,0.573
3.0,20.0,1000000.0,0.563
4.0,20.0,1000000.0,0.538
5.0,20.0,1000000.0,0.518
0.29,0.0,3000000.0,0.301
0.3,0.0,3000000.0,0.3
0.5,0.0,3000000.0,0.296
0.7,0.0,3000000.0,0.291
0.9,0.0,3000000.0,0.365
1.2,0.0,3000000.0,0.73
2.0,0.0,3000000.0,0.586
3.0,0.0,3000000.0,0.536
4.0,0.0,3000000.0,0.492
5.0,0.0,3000000.0,0.462
0.29,2.0,3000000.0,0.299
0.3,2.0,3000000.0,0.299
0.5,2.0,3000000.0,0.295
0.7,2.0,3000000.0,0.29
0.9,2.0,3000000.0,0.364
1.2,2.0,3000000.0,0.728
2.0,2.0,3000000.0,0.585
3.0,2.0,3000000.0,0.535
4.0,2.0,3000000.0,0.492
5.0,2.0,3000000.0,0.462
0.29,4.0,3000000.0,0.296
0.3,4.0,3000000.0,0.296
0.5,4.0,3000000.0,0.291
0.7,4.0,3000000.0,0.287
0.9,4.0,3000000.0,0.362
1.2,4.0,3000000.0,0.724
2.0,4.0,3000000.0,0.583
3.0,4.0,3000000.0,0.535
4.0,4.0,3000000.0,0.492
5.0,4.0,3000000.0,0.463
0.29,6.0,3000000.0,0.291
0.3,6.0,3000000.0,0.291
0.5,6.0,3000000.0,0.287
0.7,6.0,3000000.0,0.281
0.9,6.0,3000000.0,0.358
1.2,6.0,3000000.0,0.717
2.0,6.0,3000000.0,0.58
3.0,6.0,3000000.0,0.534
4.0,6.0,3000000.0,0.493
5.0,6.0,3000000.0,0.464
0.29,8.0,3000000.0,0.285
0.3,8.0,3000000.0,0.285
0.5,8.0,3000000.0,0.28
0.7,8.0,3000000.0,0.274
0.9,8.0,3000000.0,0.353
1.2,8.0,3000000.0,0.708
2.0,8.0,3000000.0,0.576
3.0,8.0,3000000.0,0.533
4.0,8.0,3000000.0,0.493
5.0,8.0,3000000.0,0.465
0.29,10.0,3000000.0,0.281
0.3,10.0,3000000.0,0.281
0.5,10.0,3000000.0,0.276
0.7,10.0,3000000.0,0.267
0.9,10.0,3000000.0,0.348
1.2,10.0,3000000.0,0.695
2.0,10.0,3000000.0,0.571
3.0,10.0,3000000.0,0.532
4.0,10.0,3000000.0,0.494
5.0,10.0,3000000.0,0.467
0.29,12.0,3000000.0,0.283
0.3,12.0,3000000.0,0.283
0.5,12.0,3000000.0,0.277
0.7,12.0,3000000.0,0.268
0.9,12.0,3000000.0,0.347
1.2,12.0,3000000.0,0.68
2.0,12.0,3000000.0,0.564
3.0,12.0,3000000.0,0.531
4.0,12.0,3000000.0,0.495
5.0,12.0,3000000.0,0.47
0.29,14.0,3000000.0,0.286
0.3,14.0,3000000.0,0.285
0.5,14.0,3000000.0,0.281
0.7,14.0,3000000.0,0.272
0.9,14.0,3000000.0,0.348
1.2,14.0,3000000.0,0.663
2.0,14.0,3000000.0,0.557
3.0,14.0,3000000.0,0.529
4.0,14.0,3000000.0,0.496
5.0,14.0,3000000.0,0.472
0.29,16.0,3000000.0,0.283
0.3,16.0,3000000.0,0.282
0.5,16.0,3000000.0,0.278
0.7,16.0,3000000.0,0.269
0.9,16.0,3000000.0,0.343
1.2,16.0,3000000.0,0.643
2.0,16.0,3000000.0,0.548
3.0,16.0,3000000.0,0.527
4.0,16.0,3000000.0,0.497
5.0,16.0,3000000.0,0.475
0.29,18.0,3000000.0,0.269
0.3,18.0,3000000.0,0.269
0.5,18.0,3000000.0,0.263
0.7,18.0,3000000.0,0.254
0.9,18.0,3000000.0,0.329
1.2,18.0,3000000.0,0.621
2.0,18.0,3000000.0,0.539
3.0,18.0,3000000.0,0.525
4.0,18.0,3000000.0,0.498
5.0,18.0,3000000.0,0.478
0.29,20.0,3000000.0,0.247
0.3,20.0,3000000.0,0.247
0.5,20.0,3000000.0,0.24
0.7,20.0,3000000.0,0.23
0.9,20.0,3000000.0,0.303
1.2,20.0,3000000.0,0.597
2.0,20.0,3000000.0,0.528
3.0,20.0,3000000.0,0.522
4.0,20.0,3000000.0,0.499
5.0,20.0,3000000.0,0.482
0.29,0.0,5000000.0,0.301
0.3,0.0,5000000.0,0.3
0.5,0.0,5000000.0,0.296
0.7,0.0,5000000.0,0.291
0.9,0.0,5000000.0,0.365
1.2,0.0,5000000.0,0.727
2.0,0.0,5000000.0,0.568
3.0,0.0,5000000.0,0.519
4.0,0.0,5000000.0,0.476
5.0,0.0,5000000.0,0.447
0.29,2.0,5000000.0,0.299
0.3,2.0,5000000.0,0.298
0.5,2.0,5000000.0,0.294
0.7,2.0,5000000.0,0.29
0.9,2.0,5000000.0,0.364
1.2,2.0,5000000.0,0.726
2.0,2.0,5000000.0,0.567
3.0,2.0,5000000.0,0.519
4.0,2.0,5000000.0,0.477
5.0,2.0,5000000.0,0.448
0.29,4.0,5000000.0,0.293
0.3,4.0,5000000.0,0.293
0.5,4.0,5000000.0,0.289
0.7,4.0,5000000.0,0.285
0.9,4.0,5000000.0,0.362
1.2,4.0,5000000.0,0.721
2.0,4.0,5000000.0,0.566
3.0,4.0,5000000.0,0.518
4.0,4.0,5000000.0,0.477
5.0,4.0,5000000.0,0.448
0.29,6.0,5000000.0,0.286
0.3,6.0,5000000.0,0.285
0.5,6.0,5000000.0,0.281
0.7,6.0,5000000.0,0.277
0.9,6.0,5000000.0,0.358
1.2,6.0,5000000.0,0.714
2.0,6.0,5000000.0,0.563
3.0,6.0,5000000.0,0.518
4.0,6.0,5000000.0,0.477
5.0,6.0,5000000.0,0.449
0.29,8.0,5000000.0,0.275
0.3,8.0,5000000.0,0.275
0.5,8.0,5000000.0,0.271
0.7,8.0,5000000.0,0.266
0.9,8.0,5000000.0,0.353
1.2,8.0,5000000.0,0.705
2.0,8.0,5000000.0,0.559
3.0,8.0,5000000.0,0.517
4.0,8.0,5000000.0,0.478
5.0,8.0,5000000.0,0.451
0.29,10.0,5000000.0,0.266
0.3,10.0,5000000.0,0.266
0.5,10.0,5000000.0,0.261
0.7,10.0,5000000.0,0.255
0.9,10.0,5000000.0,0.348
1.2,10.0,5000000.0,0.692
2.0,10.0,5000000.0,0.553
3.0,10.0,5000000.0,0.516
4.0,10.0,5000000.0,0.479
5.0,10.0,5000000.0,0.453
0.29,12.0,5000000.0,0.266
0.3,12.0,5000000.0,0.266
0.5,12.0,5000000.0,0.262
0.7,12.0,5000000.0,0.255
0.9,12.0,5000000.0,0.347
1.2,12.0,5000000.0,0.677
2.0,12.0,5000000.0,0.547
3.0,12.0,5000000.0,0.514
4.0,12.0,5000000.0,0.48
5.0,12.0,5000000.0,0.455
0.29,14.0,5000000.0,0.269
0.3,14.0,5000000.0,0.269
0.5,14.0,5000000.0,0.266
0.7,14.0,5000000.0,0.259
0.9,14.0,5000000.0,0.348
1.2,14.0,5000000.0,0.66
2.0,14.0,5000000.0,0.54
3.0,14.0,5000000.0,0.513
4.0,14.0,5000000.0,0.481
5.0,14.0,5000000.0,0.458
0.29,16.0,5000000.0,0.267
0.3,16.0,5000000.0,0.267
0.5,16.0,5000000.0,0.264
0.7,16.0,5000000.0,0.257
0.9,16.0,5000000.0,0.343
1.2,16.0,5000000.0,0.64
2.0,16.0,5000000.0,0.531
3.0,16.0,5000000.0,0.511
4.0,16.0,5000000.0,0.482
5.0,16.0,5000000.0,0.461
0.29,18.0,5000000.0,0.256
0.3,18.0,5000000.0,0.256
0.5,18.0,5000000.0,0.251
0.7,18.0,5000000.0,0.244
0.9,18.0,5000000.0,0.329
1.2,18.0,5000000.0,0.618
2.0,18.0,5000000.0,0.522
3.0,18.0,5000000.0,0.509
4.0,18.0,5000000.0,0.484
5.0,18.0,5000000.0,0.465
0.29,20.0,5000000.0,0.236
0.3,20.0,5000000.0,0.236
0.5,20.0,5000000.0,0.23
0.7,20.0,5000000.0,0.221
0.9,20.0,5000000.0,0.303
1.2,20.0,5000000.0,0.595
2.0,20.0,5000000.0,0.512
3.0,20.0,5000000.0,0.506
4.0,20.0,5000000.0,0.485
5.0,20.0,5000000.0,0.468
0.29,0.0,7000000.0,0.301
0.3,0.0,7000000.0,0.3
0.5,0.0,7000000.0,0.296
0.7,0.0,7000000.0,0.291
0.9,0.0,7000000.0,0.365
1.2,0.0,7000000.0,0.727
2.0,0.0,7000000.0,0.567
3.0,0.0,7000000.0,0.509
4.0,0.0,7000000.0,0.467
5.0,0.0,7000000.0,0.439
0.29,2.0,7000000.0,0.298
0.3,2.0,7000000.0,0.298
0.5,2.0,7000000.0,0.293
0.7,2.0,7000000.0,0.289
0.9,2.0,7000000.0,0.364
1.2,2.0,7000000.0,0.726
2.0,2.0,7000000.0,0.566
3.0,2.0,7000000.0,0.509
4.0,2.0,7000000.0,0.468
5.0,2.0,7000000.0,0.439
0.29,4.0,7000000.0,0.291
0.3,4.0,7000000.0,0.291
0.5,4.0,7000000.0,0.286
0.7,4.0,7000000.0,0.282
0.9,4.0,7000000.0,0.362
1.2,4.0,7000000.0,0.721
2.0,4.0,7000000.0,0.564
3.0,4.0,7000000.0,0.508
4.0,4.0,7000000.0,0.468
5.0,4.0,7000000.0,0.44
0.29,6.0,7000000.0,0.28
0.3,6.0,7000000.0,0.28
0.5,6.0,7000000.0,0.276
0.7,6.0,7000000.0,0.272
0.9,6.0,7000000.0,0.358
1.2,6.0,7000000.0,0.714
2.0,6.0,7000000.0,0.561
3.0,6.0,7000000.0,0.508
4.0,6.0,7000000.0,0.468
5.0,6.0,7000000.0,0.441
0.29,8.0,7000000.0,0.264
0.3,8.0,7000000.0,0.264
0.5,8.0,7000000.0,0.261
0.7,8.0,7000000.0,0.257
0.9,8.0,7000000.0,0.353
1.2,8.0,7000000.0,0.705
2.0,8.0,7000000.0,0.557
3.0,8.0,7000000.0,0.507
4.0,8.0,7000000.0,0.469
5.0,8.0,7000000.0,0.443
0.29,10.0,7000000.0,0.25
0.3,10.0,7000000.0,0.25
0.5,10.0,7000000.0,0.247
0.7,10.0,7000000.0,0.243
0.9,10.0,7000000.0,0.348
1.2,10.0,7000000.0,0.692
2.0,10.0,7000000.0,0.552
3.0,10.0,7000000.0,0.506
4.0,10.0,7000000.0,0.47
5.0,10.0,7000000.0,0.445
0.29,12.0,7000000.0,0.249
0.3,12.0,7000000.0,0.249
0.5,12.0,7000000.0,0.246
0.7,12.0,7000000.0,0.242
0.9,12.0,7000000.0,0.347
1.2,12.0,7000000.0,0.677
2.0,12.0,7000000.0,0.546
3.0,12.0,7000000.0,0.505
4.0,12.0,7000000.0,0.471
5.0,12.0,7000000.0,0.447
0.29,14.0,7000000.0,0.253
0.3,14.0,7000000.0,0.253
0.5,14.0,7000000.0,0.251
0.7,14.0,7000000.0,0.246
0.9,14.0,7000000.0,0.348
1.2,14.0,7000000.0,0.66
2.0,14.0,7000000.0,0.539
3.0,14.0,7000000.0,0.503
4.0,14.0,7000000.0,0.472
5.0,14.0,7000000.0,0.45
0.29,16.0,7000000.0,0.252
0.3,16.0,7000000.0,0.252
0.5,16.0,7000000.0,0.25
0.7,16.0,7000000.0,0.245
0.9,16.0,7000000.0,0.343
1.2,16.0,7000000.0,0.64
2.0,16.0,7000000.0,0.53
3.0,16.0,7000000.0,0.502
4.0,16.0,7000000.0,0.474
5.0,16.0,7000000.0,0.453
0.29,18.0,7000000.0,0.242
0.3,18.0,7000000.0,0.242
0.5,18.0,7000000.0,0.239
0.7,18.0,7000000.0,0.233
0.9,18.0,7000000.0,0.329
1.2,18.0,7000000.0,0.618
2.0,18.0,7000000.0,0.521
3.0,18.0,7000000.0,0.5
4.0,18.0,7000000.0,0.475
5.0,18.0,7000000.0,0.457
0.29,20.0,7000000.0,0.226
0.3,20.0,7000000.0,0.226
0.5,20.0,7000000.0,0.221
0.7,20.0,7000000.0,0.213
0.9,20.0,7000000.0,0.303
1.2,20.0,7000000.0,0.595
2.0,20.0,7000000.0,0.511
3.0,20.0,7000000.0,0.497
4.0,20.0,7000000.0,0.477
5.0,20.0,7000000.0,0.461
0.29,0.0,10000000.0,0.301
0.3,0.0,10000000.0,0.3
0.5,0.0,10000000.0,0.296
0.7,0.0,10000000.0,0.291
0.9,0.0,10000000.0,0.365
1.2,0.0,10000000.0,0.727
2.0,0.0,10000000.0,0.567
3.0,0.0,10000000.0,0.499
4.0,0.0,10000000.0,0.459
5.0,0.0,10000000.0,0.431
0.29,2.0,10000000.0,0.297
0.3,2.0,10000000.0,0.297
0.5,2.0,10000000.0,0.293
0.7,2.0,10000000.0,0.288
0.9,2.0,10000000.0,0.364
1.2,2.0,10000000.0,0.726
2.0,2.0,10000000.0,0.566
3.0,2.0,10000000.0,0.499
4.0,2.0,10000000.0,0.459
5.0,2.0,10000000.0,0.431
0.29,4.0,10000000.0,0.287
0.3,4.0,10000000.0,0.287
0.5,4.0,10000000.0,0.283
0.7,4.0,10000000.0,0.279
0.9,4.0,10000000.0,0.362
1.2,4.0,10000000.0,0.721
2.0,4.0,10000000.0,0.564
3.0,4.0,10000000.0,0.499
4.0,4.0,10000000.0,0.459
5.0,4.0,10000000.0,0.432
0.29,6.0,10000000.0,0.273
0.3,6.0,10000000.0,0.272
0.5,6.0,10000000.0,0.269
0.7,6.0,10000000.0,0.265
0.9,6.0,10000000.0,0.358
1.2,6.0,10000000.0,0.714
2.0,6.0,10000000.0,0.561
3.0,6.0,10000000.0,0.498
4.0,6.0,10000000.0,0.46
5.0,6.0,10000000.0,0.433
0.29,8.0,10000000.0,0.251
0.3,8.0,10000000.0,0.25
0.5,8.0,10000000.0,0.247
0.7,8.0,10000000.0,0.244
0.9,8.0,10000000.0,0.353
1.2,8.0,10000000.0,0.705
2.0,8.0,10000000.0,0.557
3.0,8.0,10000000.0,0.498
4.0,8.0,10000000.0,0.461
5.0,8.0,10000000.0,0.435
0.29,10.0,10000000.0,0.23
0.3,10.0,10000000.0,0.229
0.5,10.0,10000000.0,0.227
0.7,10.0,10000000.0,0.224
0.9,10.0,10000000.0,0.348
1.2,10.0,10000000.0,0.692
2.0,10.0,10000000.0,0.552
3.0,10.0,10000000.0,0.497
4.0,10.0,10000000.0,0.462
5.0,10.0,10000000.0,0.437
0.29,12.0,10000000.0,0.228
0.3,12.0,10000000.0,0.228
0.5,12.0,10000000.0,0.225
0.7,12.0,10000000.0,0.222
0.9,12.0,10000000.0,0.347
1.2,12.0,10000000.0,0.677
2.0,12.0,10000000.0,0.546
3.0,12.0,10000000.0,0.495
4.0,12.0,10000000.0,0.463
5.0,12.0,10000000.0,0.44
0.29,14.0,10000000.0,0.235
0.3,14.0,10000000.0,0.235
0.5,14.0,10000000.0,0.232
0.7,14.0,10000000.0,0.227
0.9,14.0,10000000.0,0.348
1.2,14.0,10000000.0,0.66
2.0,14.0,10000000.0,0.539
3.0,14.0,10000000.0,0.494
4.0,14.0,10000000.0,0.464
5.0,14.0,10000000.0,0.442
0.29,16.0,10000000.0,0.237
0.3,16.0,10000000.0,0.237
0.5,16.0,10000000.0,0.233
0.7,16.0,10000000.0,0.228
0.9,16.0,10000000.0,0.343
1.2,16.0,10000000.0,0.64
2.0,16.0,10000000.0,0.53
3.0,16.0,10000000.0,0.493
4.0,16.0,10000000.0,0.466
5.0,16.0,10000000.0,0.446
0.29,18.0,10000000.0,0.228
0.3,18.0,10000000.0,0.228
0.5,18.0,10000000.0,0.224
0.7,18.0,10000000.0,0.217
0.9,18.0,10000000.0,0.329
1.2,18.0,10000000.0,0.618
2.0,18.0,10000000.0,0.521
3.0,18.0,10000000.0,0.491
4.0,18.0,10000000.0,0.467
5.0,18.0,10000000.0,0.449
0.29,20.0,10000000.0,0.214
0.3,20.0,10000000.0,0.214
0.5,20.0,10000000.0,0.209
0.7,20.0,10000000.0,0.2
0.9,20.0,10000000.0,0.303
1.2,20.0,10000000.0,0.595
2.0,20.0,10000000.0,0.511
3.0,20.0,10000000.0,0.489
4.0,20.0,10000000.0,0.469
5.0,20.0,10000000.0,0.453
0.29,0.0,30000000.0,0.301
0.3,0.0,30000000.0,0.3
0.5,0.0,30000000.0,0.296
0.7,0.0,30000000.0,0.291
0.9,0.0,30000000.0,0.365
1.2,0.0,30000000.0,0.727
2.0,0.0,30000000.0,0.567
3.0,0.0,30000000.0,0.496
4.0,0.0,30000000.0,0.436
5.0,0.0,30000000.0,0.41
0.29,2.0,30000000.0,0.296
0.3,2.0,30000000.0,0.296
0.5,2.0,30000000.0,0.291
0.7,2.0,30000000.0,0.287
0.9,2.0,30000000.0,0.364
1.2,2.0,30000000.0,0.726
2.0,2.0,30000000.0,0.566
3.0,2.0,30000000.0,0.496
4.0,2.0,30000000.0,0.437
5.0,2.0,30000000.0,0.411
0.29,4.0,30000000.0,0.283
0.3,4.0,30000000.0,0.283
0.5,4.0,30000000.0,0.279
0.7,4.0,30000000.0,0.274
0.9,4.0,30000000.0,0.362
1.2,4.0,30000000.0,0.721
2.0,4.0,30000000.0,0.564
3.0,4.0,30000000.0,0.496
4.0,4.0,30000000.0,0.437
5.0,4.0,30000000.0,0.411
0.29,6.0,30000000.0,0.263
0.3,6.0,30000000.0,0.263
0.5,6.0,30000000.0,0.259
0.7,6.0,30000000.0,0.254
0.9,6.0,30000000.0,0.358
1.2,6.0,30000000.0,0.714
2.0,6.0,30000000.0,0.561
3.0,6.0,30000000.0,0.495
4.0,6.0,30000000.0,0.438
5.0,6.0,30000000.0,0.413
0.29,8.0,30000000.0,0.233
0.3,8.0,30000000.0,0.233
0.5,8.0,30000000.0,0.229
0.7,8.0,30000000.0,0.224
0.9,8.0,30000000.0,0.353
1.2,8.0,30000000.0,0.705
2.0,8.0,30000000.0,0.557
3.0,8.0,30000000.0,0.494
4.0,8.0,30000000.0,0.439
5.0,8.0,30000000.0,0.415
0.29,10.0,30000000.0,0.204
0.3,10.0,30000000.0,0.204
0.5,10.0,30000000.0,0.2
0.7,10.0,30000000.0,0.195
0.9,10.0,30000000.0,0.348
1.2,10.0,30000000.0,0.692
2.0,10.0,30000000.0,0.552
3.0,10.0,30000000.0,0.493
4.0,10.0,30000000.0,0.44
5.0,10.0,30000000.0,0.417
0.29,12.0,30000000.0,0.203
0.3,12.0,30000000.0,0.203
0.5,12.0,30000000.0,0.198
0.7,12.0,30000000.0,0.193
0.9,12.0,30000000.0,0.347
1.2,12.0,30000000.0,0.677
2.0,12.0,30000000.0,0.546
3.0,12.0,30000000.0,0.492
4.0,12.0,30000000.0,0.441
5.0,12.0,30000000.0,0.42
0.29,14.0,30000000.0,0.213
0.3,14.0,30000000.0,0.213
0.5,14.0,30000000.0,0.209
0.7,14.0,30000000.0,0.203
0.9,14.0,30000000.0,0.348
1.2,14.0,30000000.0,0.66
2.0,14.0,30000000.0,0.539
3.0,14.0,30000000.0,0.491
4.0,14.0,30000000.0,0.443
5.0,14.0,30000000.0,0.423
0.29,16.0,30000000.0,0.217
0.3,16.0,30000000.0,0.217
0.5,16.0,30000000.0,0.213
0.7,16.0,30000000.0,0.206
0.9,16.0,30000000.0,0.343
1.2,16.0,30000000.0,0.64
2.0,16.0,30000000.0,0.53
3.0,16.0,30000000.0,0.49
4.0,16.0,30000000.0,0.445
5.0,16.0,30000000.0,0.427
0.29,18.0,30000000.0,0.21
0.3,18.0,30000000.0,0.21
0.5,18.0,30000000.0,0.206
0.7,18.0,30000000.0,0.198
0.9,18.0,30000000.0,0.329
1.2,18.0,30000000.0,0.618
2.0,18.0,30000000.0,0.521
3.0,18.0,30000000.0,0.488
4.0,18.0,30000000.0,0.447
5.0,18.0,30000000.0,0.43
0.29,20.0,30000000.0,0.2
0.3,20.0,30000000.0,0.2
0.5,20.0,30000000.0,0.194
0.7,20.0,30000000.0,0.184
0.9,20.0,30000000.0,0.303
1.2,20.0,30000000.0,0.595
2.0,20.0,30000000.0,0.511
3.0,20.0,30000000.0,0.486
4.0,20.0,30000000.0,0.449
5.0,20.0,30000000.0,0.435
0.29,0.0,40000000.0,0.301
0.3,0.0,40000000.0,0.3
0.5,0.0,40000000.0,0.296
0.7,0.0,40000000.0,0.291
0.9,0.0,40000000.0,0.365
1.2,0.0,40000000.0,0.727
2.0,0.0,40000000.0,0.567
3.0,0.0,40000000.0,0.496
4.0,0.0,40000000.0,0.435
5.0,0.0,40000000.0,0.406
0.29,2.0,40000000.0,0.296
0.3,2.0,40000000.0,0.296
0.5,2.0,40000000.0,0.291
0.7,2.0,40000000.0,0.287
0.9,2.0,40000000.0,0.364
1.2,2.0,40000000.0,0.726
2.0,2.0,40000000.0,0.566
3.0,2.0,40000000.0,0.496
4.0,2.0,40000000.0,0.435
5.0,2.0,40000000.0,0.406
0.29,4.0,40000000.0,0.283
0.3,4.0,40000000.0,0.283
0.5,4.0,40000000.0,0.278
0.7,4.0,40000000.0,0.274
0.9,4.0,40000000.0,0.362
1.2,4.0,40000000.0,0.721
2.0,4.0,40000000.0,0.564
3.0,4.0,40000000.0,0.496
4.0,4.0,40000000.0,0.436
5.0,4.0,40000000.0,0.407
0.29,6.0,40000000.0,0.262
0.3,6.0,40000000.0,0.262
0.5,6.0,40000000.0,0.257
0.7,6.0,40000000.0,0.253
0.9,6.0,40000000.0,0.358
1.2,6.0,40000000.0,0.714
2.0,6.0,40000000.0,0.561
3.0,6.0,40000000.0,0.495
4.0,6.0,40000000.0,0.436
5.0,6.0,40000000.0,0.408
0.29,8.0,40000000.0,0.23
0.3,8.0,40000000.0,0.23
0.5,8.0,40000000.0,0.226
0.7,8.0,40000000.0,0.222
0.9,8.0,40000000.0,0.353
1.2,8.0,40000000.0,0.705
2.0,8.0,40000000.0,0.557
3.0,8.0,40000000.0,0.494
4.0,8.0,40000000.0,0.437
5.0,8.0,40000000.0,0.41
0.29,10.0,40000000.0,0.2
0.3,10.0,40000000.0,0.2
0.5,10.0,40000000.0,0.196
0.7,10.0,40000000.0,0.191
0.9,10.0,40000000.0,0.348
1.2,10.0,40000000.0,0.692
2.0,10.0,40000000.0,0.552
3.0,10.0,40000000.0,0.493
4.0,10.0,40000000.0,0.438
5.0,10.0,40000000.0,0.413
0.29,12.0,40000000.0,0.199
0.3,12.0,40000000.0,0.199
0.5,12.0,40000000.0,0.194
0.7,12.0,40000000.0,0.189
0.9,12.0,40000000.0,0.347
1.2,12.0,40000000.0,0.677
2.0,12.0,40000000.0,0.546
3.0,12.0,40000000.0,0.492
4.0,12.0,40000000.0,0.44
5.0,12.0,40000000.0,0.415
0.29,14.0,40000000.0,0.209
0.3,14.0,40000000.0,0.209
0.5,14.0,40000000.0,0.205
0.7,14.0,40000000.0,0.199
0.9,14.0,40000000.0,0.348
1.2,14.0,40000000.0,0.66
2.0,14.0,40000000.0,0.539
3.0,14.0,40000000.0,0.491
4.0,14.0,40000000.0,0.442
5.0,14.0,40000000.0,0.419
0.29,16.0,40000000.0,0.214
0.3,16.0,40000000.0,0.214
0.5,16.0,40000000.0,0.209
0.7,16.0,40000000.0,0.203
0.9,16.0,40000000.0,0.343
1.2,16.0,40000000.0,0.64
2.0,16.0,40000000.0,0.53
3.0,16.0,40000000.0,0.49
4.0,16.0,40000000.0,0.443
5.0,16.0,40000000.0,0.422
0.29,18.0,40000000.0,0.207
0.3,18.0,40000000.0,0.207
0.5,18.0,40000000.0,0.202
0.7,18.0,40000000.0,0.194
0.9,18.0,40000000.0,0.329
1.2,18.0,40000000.0,0.618
2.0,18.0,40000000.0,0.521
3.0,18.0,40000000.0,0.488
4.0,18.0,40000000.0,0.445
5.0,18.0,40000000.0,0.426
0.29,20.0,40000000.0,0.198
0.3,20.0,40000000.0,0.197
0.5,20.0,40000000.0,0.191
0.7,20.0,40000000.0,0.181
0.9,20.0,40000000.0,0.303
1.2,20.0,40000000.0,0.595
2.0,20.0,40000000.0,0.511
3.0,20.0,40000000.0,0.486
4.0,20.0,40000000.0,0.447
5.0,20.0,40000000.0,0.431
0.29,0.0,50000000.0,0.301
0.3,0.0,50000000.0,0.3
0.5,0.0,50000000.0,0.296
0.7,0.0,50000000.0,0.291
0.9,0.0,50000000.0,0.365
1.2,0.0,50000000.0,0.727
2.0,0.0,50000000.0,0.567
3.0,0.0,50000000.0,0.496
4.0,0.0,50000000.0,0.435
5.0,0.0,50000000.0,0.403
0.29,2.0,50000000.0,0.296
0.3,2.0,50000000.0,0.296
0.5,2.0,50000000.0,0.291
0.7,2.0,50000000.0,0.287
0.9,2.0,50000000.0,0.364
1.2,2.0,50000000.0,0.726
2.0,2.0,50000000.0,0.566
3.0,2.0,50000000.0,0.496
4.0,2.0,50000000.0,0.435
5.0,2.0,50000000.0,0.403
0.29,4.0,50000000.0,0.282
0.3,4.0,50000000.0,0.282
0.5,4.0,50000000.0,0.278
0.7,4.0,50000000.0,0.273
0.9,4.0,50000000.0,0.362
1.2,4.0,50000000.0,0.721
2.0,4.0,50000000.0,0.564
3.0,4.0,50000000.0,0.496
4.0,4.0,50000000.0,0.436
5.0,4.0,50000000.0,0.404
0.29,6.0,50000000.0,0.261
0.3,6.0,50000000.0,0.261
0.5,6.0,50000000.0,0.256
0.7,6.0,50000000.0,0.252
0.9,6.0,50000000.0,0.358
1.2,6.0,50000000.0,0.714
2.0,6.0,50000000.0,0.561
3.0,6.0,50000000.0,0.495
4.0,6.0,50000000.0,0.436
5.0,6.0,50000000.0,0.405
0.29,8.0,50000000.0,0.229
0.3,8.0,50000000.0,0.229
0.5,8.0,50000000.0,0.224
0.7,8.0,50000000.0,0.22
0.9,8.0,50000000.0,0.353
1.2,8.0,50000000.0,0.705
2.0,8.0,50000000.0,0.557
3.0,8.0,50000000.0,0.494
4.0,8.0,50000000.0,0.437
5.0,8.0,50000000.0,0.407
0.29,10.0,50000000.0,0.198
0.3,10.0,50000000.0,0.198
0.5,10.0,50000000.0,0.193
0.7,10.0,50000000.0,0.188
0.9,10.0,50000000.0,0.348
1.2,10.0,50000000.0,0.692
2.0,10.0,50000000.0,0.552
3.0,10.0,50000000.0,0.493
4.0,10.0,50000000.0,0.438
5.0,10.0,50000000.0,0.409
0.29,12.0,50000000.0,0.196
0.3,12.0,50000000.0,0.196
0.5,12.0,50000000.0,0.191
0.7,12.0,50000000.0,0.186
0.9,12.0,50000000.0,0.348
1.2,12.0,50000000.0,0.677
2.0,12.0,50000000.0,0.546
3.0,12.0,50000000.0,0.492
4.0,12.0,50000000.0,0.44
5.0,12.0,50000000.0,0.412
0.29,14.0,50000000.0,0.207
0.3,14.0,50000000.0,0.207
0.5,14.0,50000000.0,0.202
0.7,14.0,50000000.0,0.197
0.9,14.0,50000000.0,0.348
1.2,14.0,50000000.0,0.66
2.0,14.0,50000000.0,0.539
3.0,14.0,50000000.0,0.491
4.0,14.0,50000000.0,0.442
5.0,14.0,50000000.0,0.416
0.29,16.0,50000000.0,0.212
0.3,16.0,50000000.0,0.212
0.5,16.0,50000000.0,0.207
0.7,16.0,50000000.0,0.201
0.9,16.0,50000000.0,0.343
1.2,16.0,50000000.0,0.64
2.0,16.0,50000000.0,0.53
3.0,16.0,50000000.0,0.49
4.0,16.0,50000000.0,0.443
5.0,16.0,50000000.0,0.419
0.29,18.0,50000000.0,0.205
0.3,18.0,50000000.0,0.205
0.5,18.0,50000000.0,0.2
0.7,18.0,50000000.0,0.192
0.9,18.0,50000000.0,0.33
1.2,18.0,50000000.0,0.618
2.0,18.0,50000000.0,0.521
3.0,18.0,50000000.0,0.488
4.0,18.0,50000000.0,0.445
5.0,18.0,50000000.0,0.423
0.29,20.0,50000000.0,0.196
0.3,20.0,50000000.0,0.196
0.5,20.0,50000000.0,0.189
0.7,20.0,50000000.0,0.179
0.9,20.0,50000000.0,0.304
1.2,20.0,50000000.0,0.595
2.0,20.0,50000000.0,0.511
3.0,20.0,50000000.0,0.486
4.0,20.0,50000000.0,0.447
5.0,20.0,50000000.0,0.428
0.29,0.0,70000000.0,0.301
0.3,0.0,70000000.0,0.3
0.5,0.0,70000000.0,0.296
0.7,0.0,70000000.0,0.291
0.9,0.0,70000000.0,0.365
1.2,0.0,70000000.0,0.727
2.0,0.0,70000000.0,0.567
3.0,0.0,70000000.0,0.496
4.0,0.0,70000000.0,0.435
5.0,0.0,70000000.0,0.398
0.29,2.0,70000000.0,0.296
0.3,2.0,70000000.0,0.296
0.5,2.0,70000000.0,0.291
0.7,2.0,70000000.0,0.287
0.9,2.0,70000000.0,0.364
1.2,2.0,70000000.0,0.726
2.0,2.0,70000000.0,0.566
3.0,2.0,70000000.0,0.496
4.0,2.0,70000000.0,0.435
5.0,2.0,70000000.0,0.398
0.29,4.0,70000000.0,0.282
0.3,4.0,70000000.0,0.282
0.5,4.0,70000000.0,0.277
0.7,4.0,70000000.0,0.273
0.9,4.0,70000000.0,0.362
1.2,4.0,70000000.0,0.721
2.0,4.0,70000000.0,0.564
3.0,4.0,70000000.0,0.496
4.0,4.0,70000000.0,0.436
5.0,4.0,70000000.0,0.399
0.29,6.0,70000000.0,0.26
0.3,6.0,70000000.0,0.26
0.5,6.0,70000000.0,0.255
0.7,6.0,70000000.0,0.251
0.9,6.0,70000000.0,0.358
1.2,6.0,70000000.0,0.714
2.0,6.0,70000000.0,0.561
3.0,6.0,70000000.0,0.495
4.0,6.0,70000000.0,0.436
5.0,6.0,70000000.0,0.401
0.29,8.0,70000000.0,0.227
0.3,8.0,70000000.0,0.227
0.5,8.0,70000000.0,0.222
0.7,8.0,70000000.0,0.218
0.9,8.0,70000000.0,0.353
1.2,8.0,70000000.0,0.705
2.0,8.0,70000000.0,0.557
3.0,8.0,70000000.0,0.494
4.0,8.0,70000000.0,0.437
5.0,8.0,70000000.0,0.403
0.29,10.0,70000000.0,0.195
0.3,10.0,70000000.0,0.195
0.5,10.0,70000000.0,0.19
0.7,10.0,70000000.0,0.185
0.9,10.0,70000000.0,0.349
1.2,10.0,70000000.0,0.692
2.0,10.0,70000000.0,0.552
3.0,10.0,70000000.0,0.493
4.0,10.0,70000000.0,0.438
5.0,10.0,70000000.0,0.405
0.29,12.0,70000000.0,0.194
0.3,12.0,70000000.0,0.193
0.5,12.0,70000000.0,0.189
0.7,12.0,70000000.0,0.183
0.9,12.0,70000000.0,0.348
1.2,12.0,70000000.0,0.677
2.0,12.0,70000000.0,0.546
3.0,12.0,70000000.0,0.492
4.0,12.0,70000000.0,0.44
5.0,12.0,70000000.0,0.408
0.29,14.0,70000000.0,0.205
0.3,14.0,70000000.0,0.205
0.5,14.0,70000000.0,0.2
0.7,14.0,70000000.0,0.194
0.9,14.0,70000000.0,0.348
1.2,14.0,70000000.0,0.66
2.0,14.0,70000000.0,0.539
3.0,14.0,70000000.0,0.491
4.0,14.0,70000000.0,0.442
5.0,14.0,70000000.0,0.411
0.29,16.0,70000000.0,0.21
0.3,16.0,70000000.0,0.21
0.5,16.0,70000000.0,0.205
0.7,16.0,70000000.0,0.198
0.9,16.0,70000000.0,0.344
1.2,16.0,70000000.0,0.64
2.0,16.0,70000000.0,0.53
3.0,16.0,70000000.0,0.49
4.0,16.0,70000000.0,0.443
5.0,16.0,70000000.0,0.415
0.29,18.0,70000000.0,0.203
0.3,18.0,70000000.0,0.203
0.5,18.0,70000000.0,0.198
0.7,18.0,70000000.0,0.19
0.9,18.0,70000000.0,0.33
1.2,18.0,70000000.0,0.618
2.0,18.0,70000000.0,0.521
3.0,18.0,70000000.0,0.488
4.0,18.0,70000000.0,0.445
5.0,18.0,70000000.0,0.419
0.29,20.0,70000000.0,0.194
0.3,20.0,70000000.0,0.194
0.5,20.0,70000000.0,0.188
0.7,20.0,70000000.0,0.178
0.9,20.0,70000000.0,0.304
1.2,20.0,70000000.0,0.595
2.0,20.0,70000000.0,0.511
3.0,20.0,70000000.0,0.486
4.0,20.0,70000000.0,0.447
5.0,20.0,70000000.0,0.423
